{
    "x":90,
    "y":90,
    "svg": "m 11.502009,7.8456817 c -0.06553,0.450314 -0.128348,0.9336192 -0.18806,1.4593389 -0.05635,0.4960991 -0.108243,1.0148924 -0.157217,1.5694414 -0.04991,0.565193 -0.09476,1.144083 -0.138422,1.759579 -0.05007,0.705838 -0.09328,1.382506 -0.142474,2.136831 -7.42e-4,0.01302 -0.0012,0.02508 -0.0012,0.02733 -0.0013,0.0348 -0.0012,0.03324 -0.0025,0.06702 -0.0046,0.12071 -0.01006,0.244351 -0.01701,0.369474 -0.0045,0.08159 -0.0097,0.164793 -0.01589,0.248663 -0.0045,0.06175 -0.0096,0.124291 -0.01556,0.186992 -0.0047,0.04916 -0.0098,0.09837 -0.01581,0.147237 -0.0052,0.042 -0.01078,0.08257 -0.01743,0.121828 -0.0043,0.02515 -0.0086,0.04734 -0.01332,0.06748 -0.0028,0.0116 -0.0049,0.01916 -0.0065,0.02421 l 0.548113,-0.02326 c -0.0036,-0.007 0,0 0,0 a 0.34452644,0.34452644 90 0 0 -0.613618,0.313476 c 0,0 -0.0036,-0.007 0,0 0.03878,0.07591 0.08041,0.152713 0.144295,0.209149 0.06389,0.05643 0.149797,0.08931 0.234741,0.08216 0.08494,-0.0071 0.163983,-0.05366 0.21879,-0.11895 0.05481,-0.06529 0.08609,-0.146607 0.115142,-0.226747 0.0029,-0.0079 0.0054,-0.01546 0.0077,-0.02244 0.0096,-0.02952 0.01661,-0.05671 0.0219,-0.079 0.0094,-0.03979 0.01642,-0.0774 0.0221,-0.110746 0.009,-0.0533 0.01606,-0.104892 0.022,-0.153113 0.007,-0.05696 0.01281,-0.11273 0.01789,-0.166357 0.0065,-0.06862 0.01197,-0.136082 0.01678,-0.201409 0.0065,-0.08882 0.01197,-0.176193 0.01669,-0.260937 0.0072,-0.130043 0.01291,-0.257858 0.01758,-0.381675 6.29e-4,-0.01658 0.0018,-0.04964 0.0025,-0.0663 3.14e-4,-0.0077 4.73e-4,-0.012 4.99e-4,-0.01246 0.04908,-0.752348 0.09212,-1.426366 0.142013,-2.129699 0.04347,-0.612753 0.08801,-1.187527 0.137478,-1.74772 0.04853,-0.549566 0.09986,-1.0625961 0.155485,-1.5522927 0.05894,-0.5188942 0.120836,-0.9950341 0.18528,-1.4378744 a 0.34452644,0.34452644 90 0 0 -0.68187,-0.099229 z"
}