{
    "x":90,
    "y":90,
    "svg": "m 11.399475,10.750265 c -0.306531,-0.04379 -0.639225,-0.08366 -1.003131,-0.117808 -0.334968,-0.03143 -0.6875381,-0.0572 -1.0643708,-0.07732 -0.3659598,-0.01954 -0.7439343,-0.03318 -1.1432267,-0.04222 -0.4277284,-0.0097 -0.8606489,-0.01368 -1.3180894,-0.01513 -0.1957659,-6.22e-4 -0.3922414,-7.68e-4 -0.5994606,-7.71e-4 -0.043936,-4.4e-5 -0.089872,-0.0012 -0.1379273,-0.0033 -0.048689,-0.0022 -0.098758,-0.0053 -0.1524501,-0.0093 -0.076043,-0.0056 -0.1573286,-0.0125 -0.2444253,-0.01828 -0.054808,-0.0036 -0.1125609,-0.0068 -0.1718817,-0.0087 -0.039334,-0.0013 -0.079724,-0.002 -0.1209244,-0.002 -0.053313,2.41e-4 -0.094787,0.0099 -0.1047258,0.01211 -0.026764,0.006 -0.032135,0.0072 -0.015778,0.0041 0.00434,-7.93e-4 0.042862,-0.0086 0.093693,-0.0034 0.02531,0.0027 0.058927,0.0086 0.097157,0.02375 0.042442,0.01679 0.08487,0.03599 0.1185419,0.0668 0.033672,0.03081 0.056525,0.07139 0.07695,0.112212 0.00165,0.0033 0.00299,0.0068 0.00402,0.01047 9.67e-4,0.0035 0.00121,0.0058 0.00126,0.0064 4.13e-5,4.9e-4 -1.887e-4,-0.0022 3.158e-4,-0.0078 6.073e-4,-0.0067 0.00207,-0.01642 0.00522,-0.02994 0.003,-0.01284 0.00717,-0.02757 0.012812,-0.04478 7.611e-4,-0.0023 0.00155,-0.0047 0.00236,-0.0071 0.00797,-0.02359 0.017745,-0.04925 0.029994,-0.07941 0.020744,-0.05107 0.047795,-0.112705 0.068555,-0.163813 0.014168,-0.03472 0.029801,-0.07452 0.04446,-0.117191 0.00807,-0.02349 0.016238,-0.04901 0.023879,-0.07617 C 5.9759416,9.8999682 6.0579195,9.6368938 6.1474061,9.3711685 6.2414647,9.0918676 6.3431076,8.8117154 6.4513027,8.5283664 6.5696206,8.2185125 6.6944102,7.908373 6.8245752,7.593341 7.0093299,7.1461904 7.194121,6.7149613 7.3874762,6.2564771 7.5228909,5.935371 7.6599118,5.6069208 7.7927294,5.2754166 7.8015423,5.2534659 7.8107242,5.2304284 7.8199062,5.2069724 7.8623946,5.0985182 7.9020834,4.9901273 7.9407339,4.884374 7.9778019,4.7829508 8.0138087,4.6842463 8.0513941,4.5871507 8.1724132,4.2745279 8.2919128,3.976163 8.4129334,3.6635362 8.4938937,3.4542998 8.5746249,3.2408413 8.6518403,3.0245604 8.6900275,2.9175959 8.7275968,2.8092638 8.7641026,2.6997467 c 0.01326,-0.039782 0.022278,-0.077287 0.028813,-0.1100721 0.00752,-0.037772 0.012492,-0.073115 0.016153,-0.1006672 0.00526,-0.039603 0.00755,-0.059952 0.011453,-0.083356 0.00238,-0.014228 0.00435,-0.02286 0.0058,-0.02812 0.00119,-0.00433 0.00163,-0.00482 6.579e-4,-0.00264 4.334e-4,-9.626e-4 -2.161e-4,6.993e-4 -0.00283,0.00571 -0.00773,0.014527 -0.01294,0.022049 -0.013757,0.023228 -0.00206,0.00297 -0.00237,0.00314 6.465e-4,-5.718e-4 0.00398,-0.00489 0.0095,-0.01132 0.018393,-0.021367 0.010584,-0.011952 0.024278,-0.026986 0.040517,-0.045565 0.00927,-0.010622 0.021569,-0.024908 0.034529,-0.041292 0.00841,-0.010664 0.020449,-0.026356 0.033148,-0.045607 0.00877,-0.013393 0.028213,-0.043609 0.044786,-0.084428 0.00844,-0.021182 0.022913,-0.060666 0.028627,-0.1126398 0.00585,-0.053208 0.011037,-0.1070392 0.00408,-0.1601143 C 9.0081567,1.8391677 8.9887221,1.7873617 8.9561691,1.7448685 8.923616,1.7023753 8.8786899,1.6701259 8.8293533,1.6493588 8.7800167,1.6285917 8.7268046,1.6190769 8.673999,1.610305 c -0.018209,-0.00302 -0.034031,-0.00444 -0.046252,-0.00514 -0.013725,-7.232e-4 -0.036738,-0.00156 -0.065171,0.00104 -0.03283,0.003 -0.065817,0.00702 -0.097102,0.017415 -0.031285,0.010394 -0.060133,0.026884 -0.088276,0.044052 -0.013604,0.0083 -0.025602,0.016635 -0.035992,0.024468 -0.045834,0.034678 -0.075243,0.070631 -0.088922,0.088177 -0.017238,0.022195 -0.030339,0.042676 -0.033968,0.048267 -0.00863,0.013305 -0.00563,0.00854 -0.00259,0.0044 0.00374,-0.00508 0.012712,-0.016878 0.026796,-0.030981 a 0.39017924,0.39017924 90 0 0 0.5521704,0.5514228 c 0.02222,-0.02225 0.038737,-0.043223 0.049899,-0.058395 0.014009,-0.01909 0.026202,-0.038371 0.028379,-0.041727 0.00362,-0.00558 0.00294,-0.00375 -0.00482,0.00625 -0.00503,0.00645 -0.023953,0.030569 -0.056626,0.055291 -0.00823,0.00621 -0.017362,0.012566 -0.02793,0.019013 -0.022753,0.01388 -0.046101,0.027173 -0.071418,0.035503 -0.025317,0.00833 -0.051989,0.011534 -0.078531,0.013961 -0.023668,0.00216 -0.041872,0.00139 -0.048705,0.00103 -0.011117,-6.347e-4 -0.023766,-0.00173 -0.038819,-0.00423 -0.049103,-0.00816 -0.098596,-0.017067 -0.1443512,-0.036666 -0.045755,-0.019599 -0.087226,-0.050054 -0.1170539,-0.089903 -0.029827,-0.039849 -0.047367,-0.088189 -0.053527,-0.1375827 -0.00616,-0.049393 -0.00128,-0.099421 0.00416,-0.1488984 0.00507,-0.046102 0.017751,-0.079905 0.023027,-0.093158 0.012872,-0.031729 0.02589,-0.051196 0.027099,-0.053042 0.00538,-0.00817 0.0076,-0.010766 0.00664,-0.00955 -0.00107,0.00136 -0.00381,0.00467 -0.00993,0.01168 -0.00927,0.0106 -0.021821,0.024425 -0.037015,0.041583 -0.011062,0.012496 -0.02521,0.028655 -0.039897,0.046722 -0.00995,0.012269 -0.022625,0.028391 -0.03587,0.047436 -0.00935,0.013479 -0.022321,0.033099 -0.03534,0.05752 -0.0094,0.017958 -0.015547,0.031346 -0.019401,0.039932 -0.018078,0.040534 -0.030967,0.078863 -0.040618,0.1138608 -0.010851,0.039337 -0.018052,0.076059 -0.023239,0.1071248 -0.00676,0.040516 -0.012104,0.084955 -0.015307,0.1090757 -0.00311,0.023417 -0.00545,0.038605 -0.0079,0.050923 -0.00198,0.00994 -0.00341,0.014579 -0.00382,0.015808 C 7.9892475,2.5566014 7.953504,2.659691 7.9169134,2.7621829 7.8428441,2.9696517 7.7647657,3.1761888 7.6851553,3.3819366 7.5674667,3.686097 7.4413464,4.0012825 7.3236581,4.3054421 7.2828947,4.4107475 7.2442441,4.5167637 7.2077931,4.616499 7.1688279,4.7231131 7.1320609,4.8234229 7.0932783,4.9224178 7.0851729,4.9431236 7.0768938,4.9639049 7.0684527,4.98493 6.9381155,5.3102428 6.8032025,5.6336911 6.668442,5.9532459 6.4773729,6.4063092 6.2895069,6.8448142 6.103355,7.2953464 5.9714531,7.6145823 5.8438675,7.9315882 5.7222845,8.2499928 5.6110678,8.5412551 5.5057907,8.8313096 5.4078586,9.1221127 5.3146707,9.3988288 5.2287021,9.6745622 5.1511011,9.9504797 c -0.0029,0.0103 -0.00644,0.021546 -0.010709,0.033974 -0.00794,0.023105 -0.017521,0.047866 -0.028913,0.075787 -0.024215,0.0593 -0.044815,0.105676 -0.069068,0.165073 -0.015559,0.03832 -0.031541,0.07961 -0.046322,0.123359 -0.00156,0.0046 -0.00308,0.0092 -0.00459,0.01381 -0.011055,0.03374 -0.021898,0.07068 -0.031138,0.110208 -0.00967,0.04141 -0.018013,0.08746 -0.02251,0.137097 -0.00403,0.04445 -0.00504,0.09277 -7.459e-4,0.143643 0.00372,0.04432 0.011477,0.09012 0.024255,0.136243 0.01243,0.04496 0.029288,0.08878 0.0502,0.130575 0.022507,0.04498 0.047653,0.08971 0.084713,0.123718 0.037061,0.034 0.083801,0.0552 0.1305704,0.0737 0.042614,0.01686 0.080857,0.02375 0.1087816,0.02674 0.064692,0.0066 0.1151597,-0.0028 0.1288291,-0.0053 0.038146,-0.0071 0.051785,-0.0116 0.045198,-0.01012 -0.00148,3.32e-4 -0.022718,0.0066 -0.064252,0.0068 0.0303,3e-6 0.06229,5.66e-4 0.09409,0.0016 0.047985,0.0015 0.096421,0.0042 0.1451897,0.0074 0.077248,0.0051 0.1571136,0.01192 0.2392937,0.01792 0.057995,0.0042 0.1160052,0.008 0.1745924,0.01057 0.058105,0.0026 0.1154348,0.004 0.1722374,0.0041 0.2073043,3e-6 0.4028288,1.49e-4 0.5973792,7.68e-4 0.4546342,0.0014 0.882079,0.0054 1.3029061,0.01494 0.3926874,0.0089 0.7625717,0.02227 1.11929,0.04131 0.3672514,0.0196 0.7093473,0.04464 1.0330653,0.07501 0.351628,0.03299 0.671828,0.0714 0.965672,0.113378 a 0.39017924,0.39017924 90 0 0 0.110362,-0.772516 z"
}