{
    "x":20,
    "y": 64,
    "svg":"m 1.0458653,4.842273 c 0.069088,0.0036 0.1600301,0.011176 0.2823429,0.02857 0.1062695,0.015115 0.2130964,0.034101 0.3503294,0.060049 0.1178651,0.022287 0.2758891,0.053319 0.4210083,0.076514 0.099902,0.015966 0.2107471,0.031154 0.3263124,0.040571 0.025209,0.00206 0.050629,0.00389 0.076223,0.0055 0.092442,0.00581 0.1911315,0.00899 0.3012185,0.00955 0.1457025,7.416e-4 0.2874128,-0.00305 0.4513814,-0.00802 0.1417845,-0.0043 0.3008711,-0.00957 0.4534768,-0.00974 0.061853,-6.62e-5 0.1264166,6.81e-4 0.1921732,0.00287 0.4989276,0.016633 1.0005055,0.024434 1.5278813,0.029511 0.6329134,0.00609 1.3371066,0.00827 1.9973307,0.020298 0.1465391,0.00267 0.2964224,0.00589 0.4481657,0.0099 0.3435423,0.00915 0.6952853,0.023751 1.0548261,0.03016 0.2221947,0.00396 0.4496794,0.00474 0.6791096,-0.00149 0.3698418,-0.01015 0.7400079,-0.02988 1.1130679,-0.054601 0.679013,-0.044998 1.395089,-0.1093144 2.074102,-0.1543119 0.367879,-0.024543 0.7366,-0.044519 1.105443,-0.054814 0.156287,-0.00428 0.312949,-0.00757 0.469899,-0.010072 0.591511,-0.00942 1.183468,-0.00718 1.775209,-1.193e-4 0.973983,0.011624 1.947767,0.036259 2.919521,0.043923 0.501488,0.00396 0.999433,0.00338 1.496123,-0.00553 0.711043,-0.01268 1.414622,-0.036832 2.109543,-0.054094 0.50485,-0.012542 0.998566,-0.021373 1.490167,-0.020632 0.335972,5.081e-4 0.665237,0.00549 0.990303,0.01641 0.172893,0.00591 0.345825,0.01789 0.515206,0.031631 0.262819,0.021321 0.523337,0.047224 0.781108,0.065253 0.137775,0.00963 0.270976,0.016809 0.402585,0.020465 0.349966,0.00972 0.696126,0.010172 1.016056,0.00824 0.504286,-0.00305 0.980616,-0.011455 1.42666,-0.010107 0.340282,0.00103 0.641894,0.00721 0.928171,0.020198 0.07914,0.00359 0.148278,0.00731 0.206767,0.010747 a 0.22941316,0.22941316 90 0 0 0.02694,-0.4580346 c -0.06034,-0.00355 -0.131529,-0.00737 -0.212913,-0.011067 -0.294297,-0.013354 -0.602595,-0.019625 -0.947582,-0.020667 -0.452167,-0.00137 -0.930458,0.00709 -1.430821,0.010113 -0.317883,0.00192 -0.658135,0.00144 -1.000542,-0.00807 -0.123613,-0.00343 -0.250175,-0.010213 -0.383315,-0.019524 -0.248987,-0.017414 -0.507459,-0.043082 -0.776018,-0.064869 -0.172596,-0.014002 -0.353512,-0.026601 -0.536758,-0.03287 -0.330894,-0.011119 -0.665134,-0.016159 -1.005156,-0.016673 -0.497345,-7.497e-4 -0.995558,0.00818 -1.502256,0.020772 -0.697775,0.017333 -1.40035,0.041435 -2.106353,0.054026 -0.491657,0.00882 -0.985469,0.00941 -1.4843,0.00547 -0.966445,-0.00762 -1.939576,-0.032232 -2.917665,-0.043905 -0.594051,-0.00709 -1.190634,-0.00936 -1.788,1.449e-4 -0.158494,0.00253 -0.316897,0.00586 -0.475258,0.010189 -0.376801,0.010517 -0.751804,0.030872 -1.123308,0.055657 -0.704776,0.047019 -1.369128,0.1072801 -2.073901,0.1542985 -0.369311,0.024473 -0.7332265,0.043832 -1.0952532,0.053768 -0.2203187,0.00599 -0.4405099,0.00528 -0.6584048,0.00139 C 8.584461,4.6729806 8.2338988,4.6584581 7.8858788,4.6491878 7.7326017,4.6451366 7.5814624,4.6418892 7.4339049,4.6391979 6.7711864,4.6271249 6.0610801,4.6248958 5.4326293,4.618845 4.9067484,4.6137821 4.4092846,4.6060247 3.915616,4.5895672 c -0.072182,-0.00241 -0.1421515,-0.0032 -0.2079598,-0.00313 -0.1608639,1.792e-4 -0.3277048,0.00572 -0.4668968,0.00995 -0.1638183,0.00497 -0.2983393,0.00851 -0.4351149,0.00782 -0.1025981,-5.267e-4 -0.1923848,-0.00348 -0.2747977,-0.00865 -0.022831,-0.00143 -0.045377,-0.00306 -0.067665,-0.00488 C 2.3632078,4.5825247 2.264818,4.5691704 2.1719597,4.5543298 2.03524,4.5324772 1.886871,4.503329 1.7637844,4.4800544 1.6245007,4.4537187 1.5095522,4.433192 1.3928135,4.4165883 1.2568503,4.3972523 1.1523131,4.3883687 1.0697287,4.3840676 A 0.22941316,0.22941316 90 0 0 1.0458653,4.842273 Z"
}