{
    "x":0,
    "y":70,
    "svg":"m 7.8246328,4.6169663 c 0.00204,0.165512 0.00346,0.4381772 -0.00482,0.8063675 -0.00597,0.2656507 -0.016379,0.5573694 -0.032832,0.8953629 10e-8,-2.3e-6 -2.089e-4,0.00429 -2.088e-4,0.00428 -0.014942,0.3063589 -0.033414,0.6250523 -0.061246,1.0670721 -0.022474,0.3569343 -0.055412,0.8589634 -0.079636,1.2927878 -0.00997,0.1784916 -0.019915,0.3700138 -0.028701,0.5676897 -0.0032,0.072102 -0.00484,0.1448399 -0.00541,0.2191832 -6.199e-4,0.082152 9.01e-5,0.1641921 0.00151,0.2468547 0.00177,0.1024807 0.00461,0.2043725 0.00746,0.3051815 0.00329,0.116331 0.00651,0.227949 0.00837,0.339801 0.00137,0.08273 0.00194,0.162228 0.00122,0.240206 -6.683e-4,0.07168 -0.0024,0.139355 -0.0055,0.204604 -0.00289,0.06086 -0.00684,0.116757 -0.011898,0.169277 -0.00514,0.05336 -0.011132,0.09999 -0.017674,0.141645 -0.0048,0.03052 -0.00937,0.05498 -0.012973,0.073 A 0.36157015,0.36157015 90 0 0 8.2914,11.332091 c 0.00527,-0.02633 0.011677,-0.06073 0.018252,-0.102576 0.00892,-0.05677 0.016662,-0.117716 0.023102,-0.184512 0.00632,-0.06561 0.011039,-0.133268 0.014418,-0.204329 0.00361,-0.07611 0.00555,-0.153125 0.00628,-0.232206 7.941e-4,-0.08596 1.501e-4,-0.171965 -0.00129,-0.258941 -0.00195,-0.116902 -0.0053,-0.233016 -0.00856,-0.3482 -0.00286,-0.1011965 -0.00559,-0.1992997 -0.00728,-0.2972221 -0.00135,-0.078677 -0.00199,-0.1544619 -0.00143,-0.2289006 5.142e-4,-0.067315 0.00199,-0.1310261 0.00472,-0.1925858 0.00863,-0.1942298 0.01843,-0.3829166 0.028288,-0.5594606 0.024034,-0.4304088 0.056656,-0.9275248 0.079332,-1.2876628 0.027938,-0.443719 0.046642,-0.7661606 0.061816,-1.077286 10e-8,-2.4e-6 2.12e-4,-0.00435 2.121e-4,-0.00435 0.016719,-0.3434604 0.027373,-0.641532 0.033505,-0.9142672 0.00851,-0.3783865 0.00706,-0.6596599 0.00495,-0.8315257 a 0.36157015,0.36157015 90 0 0 -0.7230856,0.0089 z"
}