{
    "x":70,
    "y":0,
    "svg": "m 5.8580589,8.2841022 c 0.163357,0.020099 0.3569902,0.040282 0.5834555,0.057434 0.1881579,0.014255 0.3908286,0.025819 0.6132625,0.034199 0.2133517,0.00805 0.4348863,0.01281 0.6717909,0.014914 0.2509123,0.00225 0.5038708,0.00141 0.7730151,-7.389e-4 0.3210809,-0.00253 0.6510335,-0.0069 0.9878299,-0.00827 0.058808,-3.22e-4 0.119196,-5.561e-4 0.1803272,-6.29e-4 0.028506,-3.95e-5 0.058179,3.361e-4 0.089465,9.694e-4 0.039164,8.163e-4 0.078821,0.00199 0.1200712,0.00333 0.04742,0.00155 0.1176461,0.00407 0.1651031,0.00563 0.09661,0.00322 0.195708,0.00601 0.295673,0.00682 0.06479,5.426e-4 0.130301,2.829e-4 0.196331,-0.0013 0.05582,-0.00133 0.112082,-0.0036 0.168705,-0.00727 0.04832,-0.00311 0.09694,-0.00722 0.145794,-0.012773 0.04293,-0.00485 0.08608,-0.010798 0.129388,-0.018289 0.01197,-0.00207 0.02393,-0.00425 0.03591,-0.00656 0.02908,-0.00561 0.05945,-0.012227 0.09063,-0.020167 0.0086,-0.00187 0.01752,-0.00382 0.02663,-0.0059 0.0065,-0.00135 0.01322,-0.00276 0.02006,-0.00423 0.0026,-1.97e-4 0.0044,-1.216e-4 0.0063,-2e-5 0.0034,-4.079e-4 0.0052,-2.912e-4 0.0071,-1.531e-4 0.0035,-3.924e-4 0.0053,-2.44e-4 0.0071,-7.83e-5 0.0035,-3.863e-4 0.0053,-2.14e-4 0.0072,-2.82e-5 0.0035,-3.885e-4 0.0054,-1.993e-4 0.0072,2e-7 0.0036,-3.982e-4 0.0054,-1.98e-4 0.0073,9.1e-6 0.0036,-4.146e-4 0.0055,-2.092e-4 0.0073,2e-7 0.0037,-4.376e-4 0.0055,-2.322e-4 0.0073,-2.58e-5 0.0037,-4.669e-4 0.0055,-2.668e-4 0.0074,-6.87e-5 0.0037,-5.027e-4 0.0056,-3.133e-4 0.0074,-1.29e-4 0.0038,-5.451e-4 0.0056,-3.722e-4 0.0074,-2.077e-4 0.0038,-5.947e-4 0.0056,-4.446e-4 0.0074,-3.066e-4 0.0039,-6.524e-4 0.0056,-5.325e-4 0.0074,-4.287e-4 0.0039,-7.195e-4 0.0057,-6.387e-4 0.0074,-5.79e-4 0.0039,-7.979e-4 0.0057,-7.675e-4 0.0074,-7.643e-4 0.0039,-8.91e-4 0.0057,-9.264e-4 0.0073,-9.965e-4 0.004,-0.001 0.0056,-0.00113 0.0072,-0.0013 0.0039,-0.00114 0.0054,-0.00137 0.0069,-0.00165 0.0041,-0.00136 0.0056,-0.00176 0.0071,-0.00221 0.0039,-0.0015 0.0053,-0.00202 0.0068,-0.00257 0.0038,-0.00165 0.0053,-0.00227 0.0067,-0.00292 0.0038,-0.00179 0.0052,-0.0025 0.0065,-0.00321 0.0038,-0.00192 0.0052,-0.0027 0.0064,-0.00345 A 0.3406326,0.3406326 90 0 0 11.02606,7.6832432 c -0.0011,5.211e-4 -0.0025,0.00108 -0.0043,0.00173 0.0012,-7.384e-4 -2.97e-4,-2.176e-4 -0.0019,3.71e-4 0.0011,-6.753e-4 -3.78e-4,-1.268e-4 -0.0019,4.845e-4 0.001,-5.873e-4 -4.07e-4,1.45e-5 -0.0019,6.784e-4 10e-4,-4.826e-4 -4.11e-4,1.904e-4 -0.0018,9.27e-4 9.82e-4,-3.62e-4 -3.98e-4,3.994e-4 -0.0018,0.00123 9.7e-4,-2.236e-4 -3.73e-4,6.453e-4 -0.0017,0.00159 -0.0028,0.00197 -0.0054,0.0042 -0.0072,0.00713 -0.0017,0.00293 -0.0025,0.0063 -0.0031,0.00965 -5.91e-4,0.00334 -0.0012,0.00674 -0.0026,0.00982 -0.0014,0.00308 -0.0037,0.00565 -0.0062,0.008 -0.0013,0.00129 -0.0027,0.00256 -0.004,0.00383 3.91e-4,6.775e-4 -9.72e-4,0.00193 -0.0023,0.00317 3.29e-4,6.761e-4 -0.0011,0.0019 -0.0024,0.0031 2.66e-4,6.672e-4 -0.0011,0.00185 -0.0025,0.00301 2.01e-4,6.5e-4 -0.0012,0.00179 -0.0027,0.00289 1.36e-4,6.232e-4 -0.0013,0.00171 -0.0028,0.00275 -0.0025,0.00136 -0.0058,0.0029 -0.0091,0.00437 -0.0047,0.00188 -0.0094,0.00367 -0.01418,0.00534 -0.01784,0.00503 -0.0363,0.00954 -0.05529,0.013599 -0.0078,0.00167 -0.01578,0.00328 -0.02394,0.00485 -0.02958,0.00564 -0.06065,0.010438 -0.0935,0.014558 -0.03735,0.00464 -0.07592,0.00829 -0.115962,0.011153 -0.0469,0.00332 -0.09477,0.00552 -0.143878,0.00688 -0.05806,0.00158 -0.116874,0.00198 -0.176666,0.00157 -0.09245,-6.573e-4 -0.185689,-0.0032 -0.280573,-0.00634 -0.04392,-0.00145 -0.1211654,-0.00424 -0.1650637,-0.00569 -0.042041,-0.00142 -0.084132,-0.00277 -0.1265402,-0.00378 -0.033845,-8.119e-4 -0.067817,-0.00142 -0.102108,-0.00156 -0.062478,-1.028e-4 -0.1236826,-6.4e-5 -0.1830728,5.07e-5 -0.3405031,0.00116 -0.671044,0.00532 -0.990076,0.00759 C 8.2275682,7.7980541 7.9783257,7.798616 7.732194,7.7961597 7.4999581,7.793822 7.2842342,7.7889071 7.0775614,7.7808694 6.8621588,7.7724787 6.6670375,7.7610872 6.4868371,7.74725 6.2700237,7.7305955 6.0856372,7.7112126 5.9308861,7.692173 a 0.29819629,0.29819629 90 0 0 -0.072827,0.5919292 z"
}